id,first_name,last_name,email,gender,ip_address
1,Alwyn,Colvill,acolvill0@netscape.com,Agender,62.148.114.64
2,Tonye,Gero,tgero1@woothemes.com,Male,132.200.27.76
3,Robby,Gowthrop,rgowthrop2@dedecms.com,Genderqueer,71.16.86.110
4,Rozella,Sibbs,rsibbs3@senate.gov,Non-binary,51.115.122.67
5,Dora,Masden,dmasden4@canalblog.com,Non-binary,47.18.206.115
6,Giorgi,Kristof,gkristof5@tmall.com,Female,166.2.240.182
7,Hagen,Glasard,hglasard6@bing.com,Male,98.31.92.126
8,Michel,Doggerell,mdoggerell7@bloglines.com,Non-binary,204.55.152.184
9,Riki,McGann,rmcgann8@liveinternet.ru,Female,56.176.95.119
10,Sarajane,Lebang,slebang9@tamu.edu,Agender,130.223.43.126
11,Kristen,Meriton,kmeritona@vimeo.com,Female,53.143.159.144
12,May,Huckin,mhuckinb@eepurl.com,Polygender,165.24.112.157
13,Karola,Kelcey,kkelceyc@wordpress.com,Genderqueer,51.174.241.174
14,Petey,Phizackarley,pphizackarleyd@sitemeter.com,Male,16.54.155.232
15,Amalia,McMenamy,amcmenamye@free.fr,Agender,8.122.226.54
16,Coleen,Dedmam,cdedmamf@senate.gov,Polygender,1.23.15.134
17,Alberto,Huncote,ahuncoteg@patch.com,Agender,97.65.113.68
18,Frank,Oneile,foneileh@gnu.org,Polygender,241.228.127.204
19,Eryn,Dowzell,edowzelli@ucoz.ru,Polygender,210.158.4.135
20,Patsy,Tibalt,ptibaltj@washingtonpost.com,Genderqueer,243.182.180.203
21,Charles,Gwinnell,cgwinnellk@ning.com,Genderqueer,23.191.120.79
22,Tremaine,Rickcord,trickcordl@dailymail.co.uk,Female,251.178.85.141
23,Gwyneth,Stapels,gstapelsm@hugedomains.com,Male,208.199.254.194
24,Valentijn,Laughrey,vlaughreyn@virginia.edu,Male,122.116.252.16
25,Marlo,Sleith,msleitho@addtoany.com,Genderqueer,227.164.236.25
26,Garwin,Quesne,gquesnep@mapy.cz,Non-binary,129.61.228.148
27,Burr,Casewell,bcasewellq@constantcontact.com,Genderfluid,252.200.195.62
28,Gertrudis,Carnelley,gcarnelleyr@auda.org.au,Male,213.11.168.163
29,Tabbatha,MacDwyer,tmacdwyers@multiply.com,Female,51.28.168.243
30,Cam,Ducarel,cducarelt@skype.com,Female,244.123.66.213
31,Heinrick,Beer,hbeeru@wiley.com,Bigender,106.146.99.223
32,Johann,Mence,jmencev@who.int,Genderfluid,203.13.171.187
33,Tildy,Musk,tmuskw@prlog.org,Polygender,34.98.150.15
34,Laney,Dunrige,ldunrigex@salon.com,Genderqueer,212.91.110.119
35,Clem,Quin,cquiny@gizmodo.com,Agender,158.160.63.8
36,Anselma,MacAless,amacalessz@e-recht24.de,Male,174.170.96.111
37,Gard,Hinder,ghinder10@narod.ru,Male,229.123.191.74
38,Jacquelyn,Rhoades,jrhoades11@bluehost.com,Female,23.87.158.213
39,Vivian,Scandrett,vscandrett12@1und1.de,Genderqueer,249.127.39.11
40,Dianne,D'Avaux,ddavaux13@toplist.cz,Male,252.122.31.173
41,Anestassia,Kearle,akearle14@psu.edu,Genderfluid,50.240.250.76
42,Morgun,Gerrit,mgerrit15@hud.gov,Non-binary,138.205.20.109
43,Robbi,Panton,rpanton16@tiny.cc,Agender,145.38.49.203
44,Lizzy,Beartup,lbeartup17@tripod.com,Bigender,7.48.92.100
45,Gabey,Marvell,gmarvell18@behance.net,Bigender,2.55.155.203
46,Laney,Farrah,lfarrah19@paypal.com,Female,105.158.85.175
47,Lara,Brezlaw,lbrezlaw1a@bloglines.com,Genderfluid,42.20.67.25
48,Rockie,Goodayle,rgoodayle1b@google.com,Genderfluid,116.124.182.25
49,Cchaddie,Jedrachowicz,cjedrachowicz1c@ow.ly,Agender,131.214.128.163
50,Sydney,Boar,sboar1d@devhub.com,Female,70.214.43.124
51,Tana,Pollitt,tpollitt1e@census.gov,Female,122.250.101.44
52,Chen,Cutler,ccutler1f@japanpost.jp,Non-binary,44.28.59.219
53,Chrissy,Clegg,cclegg1g@reuters.com,Bigender,196.208.114.242
54,Clywd,Boman,cboman1h@tinypic.com,Female,9.141.66.46
55,Kizzie,Skeggs,kskeggs1i@photobucket.com,Agender,220.187.187.204
56,Betti,Tumasian,btumasian1j@netscape.com,Male,44.93.220.184
57,Rachelle,Hoston,rhoston1k@elegantthemes.com,Genderqueer,47.0.7.211
58,Sherlocke,Mityushin,smityushin1l@oakley.com,Polygender,81.194.145.6
59,Ania,D'Ambrosi,adambrosi1m@dagondesign.com,Female,144.210.19.29
60,Roderic,Nutter,rnutter1n@4shared.com,Non-binary,5.239.222.49
61,Anastassia,Radnage,aradnage1o@prnewswire.com,Female,252.150.126.138
62,Katee,Reddyhoff,kreddyhoff1p@accuweather.com,Polygender,215.246.203.12
63,Rafa,Kyteley,rkyteley1q@trellian.com,Genderqueer,55.168.89.215
64,Patty,Merfin,pmerfin1r@mapquest.com,Bigender,254.42.177.161
65,Stoddard,Stienham,sstienham1s@whitehouse.gov,Genderfluid,255.106.144.66
66,Jerry,Mangeot,jmangeot1t@cnbc.com,Polygender,195.10.1.153
67,Emmalyn,Twentyman,etwentyman1u@nyu.edu,Genderfluid,201.23.190.133
68,Carrol,Brumhead,cbrumhead1v@state.tx.us,Female,131.184.254.246
69,Constantia,Peet,cpeet1w@nifty.com,Genderfluid,102.182.196.238
70,Nisse,Lilleycrop,nlilleycrop1x@sakura.ne.jp,Agender,217.255.60.208
71,Pooh,Hobbing,phobbing1y@nymag.com,Non-binary,207.12.113.7
72,Mei,Fuge,mfuge1z@google.it,Genderfluid,170.114.167.25
73,Derrick,Baunton,dbaunton20@salon.com,Polygender,34.252.1.195
74,Charlene,Cariss,ccariss21@biglobe.ne.jp,Agender,183.80.10.165
75,Michele,Leuty,mleuty22@bbb.org,Genderqueer,149.4.2.53
76,Oralia,Pic,opic23@psu.edu,Genderfluid,115.189.42.60
77,Ida,Fritschmann,ifritschmann24@slashdot.org,Genderqueer,149.81.190.92
78,Stern,Skey,sskey25@twitpic.com,Non-binary,177.186.13.138
79,Becky,Ivchenko,bivchenko26@state.gov,Polygender,188.100.79.182
80,Lanny,Claesens,lclaesens27@salon.com,Male,80.11.80.114
81,Marlyn,Gladstone,mgladstone28@ask.com,Non-binary,68.122.156.244
82,Scottie,Ingrem,singrem29@deliciousdays.com,Polygender,3.214.117.77
83,Dena,Corn,dcorn2a@wunderground.com,Non-binary,32.255.50.47
84,Emmalyn,Amorine,eamorine2b@altervista.org,Genderqueer,74.240.45.122
85,Chrisse,Perell,cperell2c@independent.co.uk,Genderqueer,135.242.63.207
86,Aldin,Cortez,acortez2d@wp.com,Female,49.44.180.3
87,Devin,Dundridge,ddundridge2e@microsoft.com,Bigender,185.74.191.113
88,Mirna,Ogbourne,mogbourne2f@about.me,Agender,17.91.145.170
89,Worden,Alwell,walwell2g@adobe.com,Female,53.111.74.183
90,Grantham,Beetlestone,gbeetlestone2h@mashable.com,Genderfluid,38.176.48.19
91,Leigh,Maureen,lmaureen2i@google.co.jp,Agender,184.22.70.34
92,Albie,Leith-Harvey,aleithharvey2j@hud.gov,Agender,221.149.39.75
93,Yuma,Wakes,ywakes2k@trellian.com,Polygender,149.8.14.115
94,Meris,Cossey,mcossey2l@unesco.org,Non-binary,40.3.82.138
95,Lind,Pozzi,lpozzi2m@google.de,Polygender,123.150.186.5
96,Fredelia,Pendreigh,fpendreigh2n@bloglines.com,Bigender,65.44.217.154
97,Margarita,Birkmyr,mbirkmyr2o@marriott.com,Male,202.199.233.149
98,Judie,Dumbleton,jdumbleton2p@usda.gov,Agender,157.200.242.184
99,Nicky,Bilbery,nbilbery2q@seesaa.net,Male,26.233.252.91
100,Germaine,Anyene,ganyene2r@amazon.co.uk,Non-binary,81.88.57.125
101,Shoshana,Ripley,sripley2s@artisteer.com,Female,28.183.183.104
102,Lazaro,Jacobssen,ljacobssen2t@sfgate.com,Female,83.171.84.236
103,Mallory,Plumb,mplumb2u@kickstarter.com,Polygender,113.176.168.184
104,Ignacio,Iacoboni,iiacoboni2v@booking.com,Non-binary,52.56.229.31
105,Eleanora,Skylett,eskylett2w@nbcnews.com,Female,239.208.127.223
106,Jamey,Leadstone,jleadstone2x@edublogs.org,Bigender,180.173.46.145
107,Lin,MacPaik,lmacpaik2y@ox.ac.uk,Male,202.146.203.123
108,Madelina,Humbell,mhumbell2z@shinystat.com,Non-binary,112.154.44.143
109,Elysee,Parsonson,eparsonson30@typepad.com,Polygender,53.140.172.114
110,Jere,Stegers,jstegers31@opensource.org,Genderfluid,141.255.121.134
111,Lishe,Savory,lsavory32@theguardian.com,Female,191.255.42.31
112,Magdaia,McAster,mmcaster33@fotki.com,Male,119.154.113.85
113,Nikaniki,Cuardall,ncuardall34@oracle.com,Genderfluid,189.116.197.44
114,Mireille,Janovsky,mjanovsky35@nytimes.com,Bigender,217.254.218.23
115,Harmon,Lowings,hlowings36@reddit.com,Female,254.112.229.242
116,Elinor,Keitley,ekeitley37@sphinn.com,Male,166.228.97.52
117,Rorie,Orrice,rorrice38@drupal.org,Non-binary,255.89.200.38
118,Simonne,Jobes,sjobes39@behance.net,Polygender,168.1.205.24
119,Gwyn,Senussi,gsenussi3a@dailymotion.com,Male,66.37.33.226
120,Thacher,Adess,tadess3b@shutterfly.com,Polygender,115.135.72.59
121,Vivienne,Toe,vtoe3c@t-online.de,Male,6.66.31.196
122,Biddy,Izakovitz,bizakovitz3d@miitbeian.gov.cn,Polygender,133.62.196.96
123,Wilmette,Harness,wharness3e@umn.edu,Bigender,35.111.135.38
124,Dan,Miners,dminers3f@cloudflare.com,Polygender,212.91.53.36
125,Edy,Stephen,estephen3g@wordpress.com,Non-binary,247.158.159.226
126,Raphaela,Milillo,rmilillo3h@seesaa.net,Genderqueer,101.99.102.247
127,Hastie,Davidovsky,hdavidovsky3i@virginia.edu,Genderqueer,93.32.231.204
128,Tabatha,McKee,tmckee3j@google.nl,Bigender,194.101.189.55
129,Adriena,Jurczak,ajurczak3k@salon.com,Male,228.210.239.86
130,Morrie,Nipper,mnipper3l@spiegel.de,Male,88.205.255.234
131,Trueman,Olenov,tolenov3m@salon.com,Male,73.249.80.84
132,Sarena,Kennett,skennett3n@slate.com,Female,127.164.46.203
133,Kendal,Baugh,kbaugh3o@microsoft.com,Agender,38.44.46.37
134,Aridatha,Cavozzi,acavozzi3p@multiply.com,Male,84.113.154.73
135,Greg,Gadault,ggadault3q@delicious.com,Genderqueer,159.233.209.132
136,Iorgo,Foxen,ifoxen3r@list-manage.com,Bigender,207.86.145.190
137,Trev,McBeath,tmcbeath3s@gmpg.org,Genderfluid,72.249.34.175
138,Dell,Insoll,dinsoll3t@artisteer.com,Male,134.72.58.115
139,Angel,Eddisforth,aeddisforth3u@bluehost.com,Male,121.69.210.116
140,Clemmy,Cotterel,ccotterel3v@bbc.co.uk,Genderqueer,24.125.235.193
141,Temple,de Verson,tdeverson3w@photobucket.com,Non-binary,229.189.184.247
142,West,Saylor,wsaylor3x@goo.gl,Male,61.134.227.216
143,Giraldo,Boame,gboame3y@bloglovin.com,Male,86.29.246.64
144,Mari,Dollin,mdollin3z@amazon.co.uk,Male,80.198.255.231
145,Killian,Shemming,kshemming40@noaa.gov,Genderqueer,80.174.244.67
146,Trixy,Brehault,tbrehault41@hud.gov,Female,212.218.83.192
147,Ossie,Northwood,onorthwood42@bloglovin.com,Female,24.228.6.159
148,Francois,Gunda,fgunda43@tamu.edu,Bigender,77.64.25.125
149,Dorothea,MacKinnon,dmackinnon44@sourceforge.net,Genderqueer,175.27.101.142
150,Amandy,Fatharly,afatharly45@bloomberg.com,Agender,17.90.197.76
151,Mohandis,Vanns,mvanns46@histats.com,Genderqueer,100.231.233.138
152,Tabby,D'Agostini,tdagostini47@dropbox.com,Male,91.128.145.247
153,Mozelle,Breston,mbreston48@dot.gov,Non-binary,151.230.132.29
154,Micheline,Broadhead,mbroadhead49@amazon.co.jp,Female,61.46.161.135
155,Broderick,Bwy,bbwy4a@google.ru,Non-binary,101.242.238.215
156,Konstantin,Spaven,kspaven4b@earthlink.net,Female,68.85.101.118
157,Obediah,Crowest,ocrowest4c@earthlink.net,Genderfluid,54.240.117.192
158,Eddi,Baldoni,ebaldoni4d@reverbnation.com,Genderqueer,22.238.137.114
159,Marni,Eunson,meunson4e@bizjournals.com,Polygender,53.82.231.126
160,Granny,Devons,gdevons4f@1und1.de,Non-binary,236.161.123.207
161,Jocelin,Oattes,joattes4g@people.com.cn,Bigender,129.18.189.51
162,Debbi,Catchpole,dcatchpole4h@altervista.org,Bigender,83.243.144.72
163,Wendi,Gruczka,wgruczka4i@mayoclinic.com,Non-binary,5.60.10.5
164,Cullin,Chessil,cchessil4j@webnode.com,Non-binary,16.119.103.138
165,Karrah,De Ruggiero,kderuggiero4k@live.com,Non-binary,199.90.14.67
166,Donetta,Kinver,dkinver4l@simplemachines.org,Male,64.64.97.47
167,Sansone,Lydden,slydden4m@ca.gov,Genderqueer,76.145.227.2
168,Vanya,Goneau,vgoneau4n@about.me,Agender,181.36.168.128
169,Meta,Toplin,mtoplin4o@fda.gov,Genderqueer,158.224.19.24
170,Fielding,Durbann,fdurbann4p@tumblr.com,Male,30.14.95.55
171,Adena,Stanborough,astanborough4q@zdnet.com,Genderqueer,108.178.112.240
172,Fay,Emm,femm4r@cornell.edu,Male,237.206.34.198
173,Kali,Haydock,khaydock4s@nature.com,Non-binary,46.109.117.199
174,Euell,Unstead,eunstead4t@nasa.gov,Bigender,140.214.173.97
175,Aretha,Osmund,aosmund4u@comcast.net,Non-binary,228.124.22.68
176,Ode,Silversmid,osilversmid4v@1688.com,Male,33.33.159.69
177,Oralia,Keysel,okeysel4w@bloglines.com,Non-binary,15.142.148.92
178,Carrie,Zecchinelli,czecchinelli4x@indiegogo.com,Polygender,46.164.147.241
179,Miguelita,Simmens,msimmens4y@springer.com,Agender,179.120.105.132
180,Allin,Micco,amicco4z@chronoengine.com,Bigender,21.88.24.254
181,Florance,Collyer,fcollyer50@zdnet.com,Male,200.166.125.76
182,Cross,Piddington,cpiddington51@google.es,Bigender,18.178.175.190
183,Doria,Dondon,ddondon52@furl.net,Bigender,86.242.25.255
184,Gualterio,Orchard,gorchard53@seattletimes.com,Bigender,181.18.116.156
185,Catie,Murrells,cmurrells54@jalbum.net,Genderfluid,218.197.238.50
186,Sydelle,MacAnulty,smacanulty55@miitbeian.gov.cn,Non-binary,4.192.161.11
187,Gerald,Whipp,gwhipp56@cbc.ca,Genderqueer,131.226.208.44
188,Gwendolen,Chipp,gchipp57@dyndns.org,Polygender,37.96.190.88
189,Cleve,Huddle,chuddle58@mapquest.com,Genderqueer,149.193.9.14
190,Wrennie,Prate,wprate59@jimdo.com,Bigender,142.9.105.167
191,Nancee,O'Spillane,nospillane5a@cam.ac.uk,Agender,2.153.20.57
192,Arvy,Pietrzyk,apietrzyk5b@goodreads.com,Female,54.96.165.114
193,Glenden,Norcop,gnorcop5c@simplemachines.org,Male,26.59.49.105
194,Tildy,Canwell,tcanwell5d@indiatimes.com,Genderqueer,209.183.2.69
195,Francoise,Tugman,ftugman5e@wiley.com,Polygender,139.31.183.235
196,Marmaduke,Lavrick,mlavrick5f@thetimes.co.uk,Bigender,195.72.246.30
197,Inga,Casazza,icasazza5g@ning.com,Male,128.145.122.184
198,Thedrick,Randalson,trandalson5h@blog.com,Female,232.73.249.223
199,Gay,Pendred,gpendred5i@mapquest.com,Genderfluid,125.84.250.238
200,Ash,Gawthorp,agawthorp5j@opera.com,Agender,141.89.165.29
201,Dallas,Lehrer,dlehrer5k@i2i.jp,Male,173.17.25.163
202,Deborah,Pleuman,dpleuman5l@github.io,Bigender,48.226.57.147
203,Clarke,Paver,cpaver5m@census.gov,Bigender,191.165.8.109
204,Glory,Bearn,gbearn5n@dmoz.org,Polygender,148.250.18.182
205,Lura,Dobble,ldobble5o@godaddy.com,Genderfluid,91.131.161.85
206,Lacee,Osboldstone,losboldstone5p@yellowpages.com,Genderqueer,51.76.38.224
207,Candie,Okenden,cokenden5q@japanpost.jp,Non-binary,104.19.77.161
208,Alana,Boal,aboal5r@gov.uk,Agender,56.39.84.250
209,Clair,Caveill,ccaveill5s@smh.com.au,Polygender,76.209.142.75
210,Napoleon,Harriday,nharriday5t@prnewswire.com,Genderqueer,6.213.253.75
211,Jessie,De la Eglise,jdelaeglise5u@omniture.com,Agender,95.228.84.108
212,Shamus,Phippen,sphippen5v@go.com,Female,67.152.181.27
213,Brande,Dell Casa,bdellcasa5w@apple.com,Male,225.198.53.148
214,Sharia,Osant,sosant5x@apple.com,Agender,91.140.123.233
215,Giulietta,Grieger,ggrieger5y@shinystat.com,Bigender,25.211.156.156
216,Bobbee,Arrundale,barrundale5z@vkontakte.ru,Polygender,4.103.72.227
217,Paolina,Skeldinge,pskeldinge60@wikispaces.com,Genderqueer,14.155.116.86
218,Clarance,MacConnel,cmacconnel61@opensource.org,Genderfluid,7.253.223.121
219,Frederich,Rigate,frigate62@51.la,Female,233.76.27.136
220,Mercedes,Akitt,makitt63@bbc.co.uk,Non-binary,247.138.254.12
221,Travus,Leblanc,tleblanc64@blog.com,Polygender,154.239.237.253
222,Westbrook,Abba,wabba65@wordpress.com,Non-binary,109.119.36.99
223,Hilario,Ludlem,hludlem66@techcrunch.com,Genderqueer,100.164.153.251
224,Caesar,Mc Queen,cmcqueen67@google.ca,Agender,223.75.201.76
225,Carney,Georgiades,cgeorgiades68@gnu.org,Agender,246.207.82.176
226,Marjy,Derobert,mderobert69@ycombinator.com,Agender,167.79.17.88
227,Rosene,Klebes,rklebes6a@google.co.jp,Male,237.148.163.87
228,Reinaldo,Belliss,rbelliss6b@cnn.com,Male,7.83.29.85
229,Alaine,Hosby,ahosby6c@storify.com,Male,217.6.188.86
230,Karlis,Jollands,kjollands6d@mayoclinic.com,Non-binary,135.186.245.124
231,Reinaldo,McMeeking,rmcmeeking6e@addthis.com,Agender,129.221.22.167
232,Cyrillus,Heathcote,cheathcote6f@unc.edu,Agender,236.142.107.167
233,Adel,Brayson,abrayson6g@canalblog.com,Bigender,85.87.14.195
234,Catriona,McLagain,cmclagain6h@omniture.com,Male,77.248.123.173
235,Saleem,Carnell,scarnell6i@wufoo.com,Male,233.229.209.140
236,Josephina,Tolumello,jtolumello6j@bandcamp.com,Female,20.11.104.214
237,Tucky,Spinola,tspinola6k@ebay.com,Polygender,201.171.93.253
238,Tabina,Haswall,thaswall6l@vkontakte.ru,Male,144.27.145.48
239,Tobie,Tattersill,ttattersill6m@google.it,Female,196.6.161.1
240,Josefina,Mascall,jmascall6n@google.co.uk,Agender,133.46.155.100
241,Sutton,Vosper,svosper6o@scientificamerican.com,Bigender,174.171.225.170
242,Franky,Geelan,fgeelan6p@dropbox.com,Male,252.241.136.157
243,Marjorie,Canniffe,mcanniffe6q@mapy.cz,Male,134.205.115.142
244,Glad,Bransden,gbransden6r@whitehouse.gov,Female,54.203.248.7
245,Yorker,Girardet,ygirardet6s@vkontakte.ru,Bigender,84.37.238.7
246,Ibby,Aindrais,iaindrais6t@linkedin.com,Male,232.234.114.103
247,Petunia,Weddeburn,pweddeburn6u@linkedin.com,Female,82.151.29.48
248,Rosalia,Greveson,rgreveson6v@soup.io,Non-binary,142.18.67.26
249,Dodi,Teaz,dteaz6w@wired.com,Female,152.240.242.168
250,Lefty,Goodee,lgoodee6x@va.gov,Non-binary,57.90.213.5
251,Heindrick,Sentinella,hsentinella6y@slate.com,Female,61.106.61.78
252,Benni,Gurwood,bgurwood6z@usatoday.com,Genderqueer,53.207.174.94
253,Sonni,Hammerson,shammerson70@etsy.com,Agender,150.28.102.14
254,Fair,Josephy,fjosephy71@nytimes.com,Female,133.13.252.111
255,Eal,Dinesen,edinesen72@ca.gov,Bigender,135.207.197.28
256,Frannie,Duetsche,fduetsche73@devhub.com,Male,44.133.38.50
257,Dana,Walewicz,dwalewicz74@cam.ac.uk,Non-binary,104.106.227.240
258,Sansone,Crush,scrush75@webeden.co.uk,Genderqueer,194.173.185.80
259,Elisabeth,Birdall,ebirdall76@homestead.com,Male,65.168.94.96
260,Lura,Dexter,ldexter77@pbs.org,Female,187.167.51.46
261,Benedict,Jenken,bjenken78@simplemachines.org,Female,87.138.96.188
262,Rasia,Mucklestone,rmucklestone79@reddit.com,Genderqueer,50.207.241.185
263,Kirby,Gotobed,kgotobed7a@guardian.co.uk,Non-binary,255.9.174.82
264,Clarice,Hollerin,chollerin7b@dedecms.com,Genderfluid,138.202.4.178
265,Ailey,Spradbrow,aspradbrow7c@google.co.jp,Polygender,166.71.251.84
266,Hanson,Lidden,hlidden7d@bandcamp.com,Bigender,96.152.75.171
267,Iver,Brearley,ibrearley7e@google.com.au,Bigender,18.254.189.138
268,Cybil,Combe,ccombe7f@dropbox.com,Polygender,40.7.138.113
269,Alicia,Andriveaux,aandriveaux7g@senate.gov,Agender,109.155.247.188
270,Veronica,O'Neil,voneil7h@ebay.com,Non-binary,230.230.242.252
271,Chane,Jephson,cjephson7i@t.co,Male,232.221.30.225
272,Gerty,Brammar,gbrammar7j@g.co,Non-binary,167.233.249.30
273,Cassandra,Wintour,cwintour7k@admin.ch,Male,110.184.207.1
274,Winifred,Dollin,wdollin7l@icq.com,Polygender,63.107.63.153
275,Kelcey,Cadwallader,kcadwallader7m@hc360.com,Bigender,22.104.204.69
276,Luelle,Rootes,lrootes7n@loc.gov,Genderfluid,131.77.92.205
277,Gard,Ebi,gebi7o@nsw.gov.au,Genderqueer,78.43.42.12
278,Shawnee,Tidy,stidy7p@icq.com,Agender,211.61.33.216
279,Shadow,Rolstone,srolstone7q@vk.com,Genderfluid,113.239.245.79
280,Deeanne,Chalder,dchalder7r@umich.edu,Genderfluid,241.132.138.6
281,Chery,Slesser,cslesser7s@dion.ne.jp,Non-binary,138.147.26.176
282,Sissie,Echelle,sechelle7t@nhs.uk,Bigender,157.191.16.27
283,Eal,Christoforou,echristoforou7u@geocities.jp,Non-binary,84.79.213.211
284,Brendis,Winear,bwinear7v@biglobe.ne.jp,Non-binary,108.216.12.149
285,Silvana,Sleford,ssleford7w@imageshack.us,Genderqueer,104.133.31.48
286,Audra,Garlicke,agarlicke7x@godaddy.com,Genderfluid,180.194.4.73
287,George,Bagshawe,gbagshawe7y@1688.com,Polygender,153.155.69.72
288,Gun,Hollyland,ghollyland7z@sun.com,Genderqueer,169.143.78.208
289,Dena,Fibben,dfibben80@wired.com,Polygender,171.234.203.122
290,Buddy,Guess,bguess81@google.co.jp,Bigender,8.59.225.236
291,Hi,Ginni,hginni82@privacy.gov.au,Genderqueer,184.236.93.245
292,Rollo,Pulteneye,rpulteneye83@house.gov,Agender,52.231.217.202
293,Mabel,Antowski,mantowski84@usda.gov,Male,217.30.20.108
294,Meir,Dassindale,mdassindale85@stanford.edu,Polygender,119.215.164.21
295,Fianna,Rubrow,frubrow86@guardian.co.uk,Genderqueer,89.227.111.253
296,Kath,Pendle,kpendle87@google.it,Male,64.13.218.212
297,Perle,Asman,pasman88@123-reg.co.uk,Female,113.120.248.253
298,Borg,Braferton,bbraferton89@marketwatch.com,Female,200.99.163.196
299,Ofilia,Lepere,olepere8a@fema.gov,Bigender,79.253.128.104
300,Kerr,Milmore,kmilmore8b@stumbleupon.com,Bigender,60.172.173.140
301,Andree,Ridhole,aridhole8c@prnewswire.com,Male,132.157.130.20
302,Rutherford,Figgins,rfiggins8d@i2i.jp,Agender,239.227.167.96
303,Nathalie,Portt,nportt8e@howstuffworks.com,Bigender,169.170.231.77
304,Ichabod,Oak,ioak8f@eepurl.com,Bigender,29.165.21.107
305,Cam,Colborn,ccolborn8g@youtu.be,Non-binary,146.120.12.128
306,Terza,Hengoed,thengoed8h@odnoklassniki.ru,Polygender,202.119.117.67
307,Truda,Cozzi,tcozzi8i@slashdot.org,Non-binary,155.107.159.2
308,Breena,Tunmore,btunmore8j@disqus.com,Bigender,219.4.69.8
309,Melisenda,Siss,msiss8k@bluehost.com,Agender,25.223.8.224
310,Morley,Davson,mdavson8l@google.fr,Female,76.103.201.6
311,Leoine,Newlands,lnewlands8m@aol.com,Bigender,60.109.91.146
312,Steffane,Garretts,sgarretts8n@altervista.org,Bigender,111.152.68.139
313,Dyann,Yearron,dyearron8o@stanford.edu,Male,243.246.169.171
314,Berti,Posvner,bposvner8p@yahoo.co.jp,Agender,241.138.255.115
315,Tait,Vinker,tvinker8q@dot.gov,Genderfluid,68.92.105.140
316,Arabel,De Haven,adehaven8r@google.com,Agender,191.28.220.32
317,Inessa,Tabard,itabard8s@hp.com,Female,54.22.158.35
318,Erinna,Shinn,eshinn8t@google.cn,Non-binary,59.176.30.249
319,Frankie,Parks,fparks8u@ocn.ne.jp,Agender,171.230.179.37
320,Sandro,Rennick,srennick8v@businessweek.com,Genderqueer,83.76.193.84
321,Albert,Pawlata,apawlata8w@privacy.gov.au,Genderqueer,14.185.161.70
322,Adair,Wanka,awanka8x@sciencedaily.com,Male,46.224.191.147
323,Sheffie,Blowick,sblowick8y@bloomberg.com,Genderqueer,179.162.239.227
324,Elsy,Uccello,euccello8z@flickr.com,Non-binary,59.142.19.89
325,Audrye,Godin,agodin90@ameblo.jp,Bigender,50.185.39.156
326,Irita,Friday,ifriday91@guardian.co.uk,Agender,102.49.243.68
327,Juieta,Hawkswood,jhawkswood92@baidu.com,Genderfluid,182.4.48.117
328,Kale,Saffrin,ksaffrin93@fc2.com,Agender,93.123.123.238
329,Gabbey,Phillipp,gphillipp94@imdb.com,Female,122.179.4.215
330,Caressa,Richie,crichie95@nps.gov,Bigender,10.229.55.68
331,Kristos,Larose,klarose96@amazon.co.jp,Polygender,239.141.179.122
332,Kai,Desantis,kdesantis97@answers.com,Genderqueer,234.55.232.239
333,Justis,Licari,jlicari98@wikimedia.org,Genderqueer,194.13.7.223
334,Sofia,Stickler,sstickler99@addtoany.com,Polygender,242.135.114.61
335,Tuck,Guy,tguy9a@tamu.edu,Genderfluid,121.96.65.161
336,Boy,Rabbitts,brabbitts9b@blogtalkradio.com,Polygender,115.224.126.226
337,Harwilll,Qualtrough,hqualtrough9c@kickstarter.com,Agender,225.126.39.83
338,Briggs,Leefe,bleefe9d@free.fr,Non-binary,236.50.2.70
339,Danyette,Ackred,dackred9e@businesswire.com,Non-binary,29.36.147.13
340,Maryrose,Runciman,mrunciman9f@statcounter.com,Female,133.189.74.46
341,Torin,Jirzik,tjirzik9g@mlb.com,Polygender,233.243.233.200
342,Austin,Cadell,acadell9h@apache.org,Genderqueer,157.86.185.252
343,Shelby,Shanley,sshanley9i@bbc.co.uk,Female,13.86.170.217
344,Alexio,Fould,afould9j@freewebs.com,Agender,134.200.90.192
345,Stevana,Assiter,sassiter9k@howstuffworks.com,Male,55.32.201.93
346,Clayborn,Congreve,ccongreve9l@ustream.tv,Non-binary,223.18.170.168
347,Harris,McKeurton,hmckeurton9m@dailymotion.com,Female,29.86.218.240
348,Thorn,Schrader,tschrader9n@google.com.hk,Genderqueer,74.85.100.43
349,Manon,Dorking,mdorking9o@quantcast.com,Genderqueer,133.74.95.46
350,Bent,Le Estut,bleestut9p@gov.uk,Genderqueer,219.62.80.74
351,Anetta,Merrall,amerrall9q@hexun.com,Non-binary,68.79.238.79
352,Corbie,Stoite,cstoite9r@tmall.com,Non-binary,246.64.6.131
353,Any,Fane,afane9s@de.vu,Bigender,203.37.44.239
354,Weber,Goulborne,wgoulborne9t@weibo.com,Polygender,253.232.7.193
355,Carie,Dignall,cdignall9u@devhub.com,Non-binary,80.189.124.152
356,Amandy,Keyme,akeyme9v@diigo.com,Non-binary,155.219.179.88
357,Brynn,Canlin,bcanlin9w@wikispaces.com,Genderqueer,239.120.101.84
358,Myrtie,Iddins,middins9x@army.mil,Bigender,46.152.182.133
359,Melita,Verrico,mverrico9y@comcast.net,Genderqueer,229.75.90.194
360,Mattheus,Poundsford,mpoundsford9z@theatlantic.com,Non-binary,181.238.2.172
361,Gardener,Klebes,gklebesa0@harvard.edu,Genderfluid,175.22.10.157
362,Curt,Tunna,ctunnaa1@ed.gov,Polygender,59.113.81.133
363,Ivan,Bradneck,ibradnecka2@rediff.com,Bigender,70.153.178.87
364,Moina,Buer,mbuera3@google.cn,Agender,41.196.165.47
365,Katuscha,Mara,kmaraa4@free.fr,Non-binary,155.39.251.219
366,Hashim,Vaughn,hvaughna5@vk.com,Agender,250.40.150.156
367,Demetra,Ambroziak,dambroziaka6@example.com,Bigender,221.222.153.59
368,Mayer,Deacock,mdeacocka7@marriott.com,Female,235.122.25.193
369,Jolyn,Snozzwell,jsnozzwella8@ucsd.edu,Male,140.167.230.165
370,Libbi,Faucherand,lfaucheranda9@shareasale.com,Agender,173.63.126.237
371,Beryle,Skermer,bskermeraa@goo.ne.jp,Non-binary,211.34.123.38
372,Darryl,Hylden,dhyldenab@goo.ne.jp,Genderqueer,43.155.221.45
373,Dede,Joutapavicius,djoutapaviciusac@psu.edu,Genderqueer,4.14.122.177
374,Lanie,Baguley,lbaguleyad@google.com,Genderfluid,114.16.155.87
375,Ambrosi,Pieters,apietersae@oracle.com,Bigender,233.252.196.17
376,Dewey,Hulcoop,dhulcoopaf@noaa.gov,Agender,179.126.209.36
377,Base,Shovelton,bshoveltonag@tumblr.com,Agender,230.195.119.117
378,Gottfried,Magovern,gmagovernah@e-recht24.de,Non-binary,40.101.128.15
379,Edita,Ten Broek,etenbroekai@live.com,Non-binary,237.211.60.141
380,Gino,Hrishanok,ghrishanokaj@mtv.com,Female,142.203.119.119
381,Sargent,Gilley,sgilleyak@trellian.com,Male,159.84.93.207
382,Hank,Torbeck,htorbeckal@marriott.com,Bigender,60.88.144.245
383,Andi,Fotitt,afotittam@dyndns.org,Female,124.114.215.67
384,Kain,Acosta,kacostaan@msn.com,Bigender,192.215.248.14
385,Barron,Mirrlees,bmirrleesao@vkontakte.ru,Genderfluid,75.65.77.245
386,Fran,Impson,fimpsonap@wordpress.com,Polygender,155.199.224.101
387,Lemmie,Shave,lshaveaq@fc2.com,Agender,246.247.104.185
388,Francene,Janew,fjanewar@hatena.ne.jp,Female,200.203.78.207
389,Orv,Beaufoy,obeaufoyas@foxnews.com,Polygender,58.66.99.120
390,Wilie,Riditch,wriditchat@biblegateway.com,Bigender,64.168.128.63
391,Koral,Bilham,kbilhamau@economist.com,Non-binary,200.72.167.60
392,Phip,Hanson,phansonav@baidu.com,Bigender,141.70.75.150
393,Fowler,Folshom,ffolshomaw@zimbio.com,Polygender,175.79.51.224
394,Eunice,Lemme,elemmeax@tinyurl.com,Female,232.20.114.201
395,Carley,Brisco,cbriscoay@washington.edu,Non-binary,22.32.6.249
396,Jim,Whelpdale,jwhelpdaleaz@businessinsider.com,Bigender,215.194.191.114
397,Stewart,Rabl,srablb0@economist.com,Female,216.211.21.151
398,Althea,Kiltie,akiltieb1@parallels.com,Non-binary,66.12.197.2
399,Kristofer,Brignall,kbrignallb2@vinaora.com,Agender,7.207.138.67
400,Lesly,Scarse,lscarseb3@economist.com,Genderfluid,0.105.157.66
401,Craggy,Millyard,cmillyardb4@yellowpages.com,Male,27.57.187.132
402,Skyler,Reek,sreekb5@tinyurl.com,Genderqueer,162.83.47.19
403,Malinde,Winspeare,mwinspeareb6@posterous.com,Female,92.48.146.141
404,Bambi,Fabb,bfabbb7@samsung.com,Genderfluid,249.176.215.216
405,Sula,Youhill,syouhillb8@psu.edu,Agender,39.245.19.200
406,Hester,Rubertis,hrubertisb9@quantcast.com,Non-binary,255.61.149.10
407,Emanuele,Lghan,elghanba@cmu.edu,Genderfluid,27.18.111.24
408,Sebastiano,Moreton,smoretonbb@furl.net,Female,204.105.63.176
409,Brewer,Meneely,bmeneelybc@harvard.edu,Non-binary,95.64.173.149
410,Corney,Nornasell,cnornasellbd@answers.com,Non-binary,173.226.7.62
411,Sharla,Winsor,swinsorbe@imdb.com,Non-binary,162.247.78.201
412,Honoria,Haverty,hhavertybf@state.gov,Agender,63.32.91.176
413,Barnaby,Antonowicz,bantonowiczbg@cloudflare.com,Agender,135.231.163.79
414,Rosalia,Ballance,rballancebh@slideshare.net,Agender,106.4.24.75
415,Clywd,Biddle,cbiddlebi@sbwire.com,Genderfluid,142.237.177.239
416,Eugenius,Clethro,eclethrobj@theatlantic.com,Agender,223.45.224.179
417,Gilda,Jobern,gjobernbk@auda.org.au,Female,103.234.102.215
418,Janie,Belson,jbelsonbl@mapy.cz,Genderfluid,75.246.74.167
419,Branden,Masden,bmasdenbm@sciencedirect.com,Non-binary,70.21.67.161
420,Marena,Whopples,mwhopplesbn@drupal.org,Male,18.50.158.251
421,Rudy,Galero,rgalerobo@nyu.edu,Non-binary,83.58.5.172
422,Rochell,Meyrick,rmeyrickbp@nydailynews.com,Female,203.131.61.197
423,Kristofer,Vigrass,kvigrassbq@umn.edu,Male,184.200.181.16
424,Devora,Brittlebank,dbrittlebankbr@blogtalkradio.com,Agender,183.195.108.185
425,Chlo,Ducarne,cducarnebs@narod.ru,Polygender,230.34.117.138
426,Lyda,Steer,lsteerbt@virginia.edu,Genderfluid,153.244.10.241
427,Jeremie,Magwood,jmagwoodbu@craigslist.org,Polygender,82.162.70.120
428,Oralia,Bukac,obukacbv@discuz.net,Polygender,214.84.28.68
429,Arturo,Pitson,apitsonbw@amazon.co.uk,Non-binary,31.64.89.243
430,Olia,Hessenthaler,ohessenthalerbx@craigslist.org,Genderqueer,156.137.146.165
431,Melvin,Mathely,mmathelyby@themeforest.net,Bigender,21.21.148.47
432,Dick,Iacoboni,diacobonibz@epa.gov,Male,77.117.201.145
433,Son,Tuffs,stuffsc0@unesco.org,Female,29.59.228.141
434,Kelci,Radsdale,kradsdalec1@google.ru,Female,65.113.71.39
435,Barbette,Friberg,bfribergc2@ucoz.com,Female,170.169.182.244
436,Olly,Jerromes,ojerromesc3@tinyurl.com,Genderfluid,235.98.122.142
437,Merilee,Carnegie,mcarnegiec4@netscape.com,Male,198.231.223.93
438,Mireielle,Dibbert,mdibbertc5@odnoklassniki.ru,Non-binary,50.15.125.137
439,Alix,Ghelardoni,aghelardonic6@list-manage.com,Non-binary,71.212.252.135
440,Myra,Cubbinelli,mcubbinellic7@biblegateway.com,Non-binary,9.174.61.86
441,Melicent,Lindgren,mlindgrenc8@creativecommons.org,Male,242.185.24.30
442,Samaria,Borrel,sborrelc9@gmpg.org,Genderqueer,22.51.112.55
443,Brook,Launchbury,blaunchburyca@oracle.com,Female,188.150.254.13
444,Ruprecht,Hambleton,rhambletoncb@archive.org,Genderfluid,118.43.97.43
445,Cos,Slaymaker,cslaymakercc@ucla.edu,Bigender,75.96.59.164
446,Cord,Doggett,cdoggettcd@tamu.edu,Non-binary,100.7.135.78
447,Jacquenetta,Guy,jguyce@bbc.co.uk,Bigender,138.89.43.219
448,Abdul,MacGillreich,amacgillreichcf@gravatar.com,Polygender,42.132.65.255
449,Artemas,McKelvey,amckelveycg@bloglines.com,Agender,99.201.89.84
450,Shauna,Lalevee,slaleveech@economist.com,Male,87.36.23.9
451,Kimberlee,Jannex,kjannexci@photobucket.com,Polygender,230.78.230.184
452,Rivkah,Skuse,rskusecj@nifty.com,Agender,131.128.141.185
453,Caesar,Rawles,crawlesck@dyndns.org,Genderfluid,180.132.218.57
454,Darleen,Cisec,dciseccl@drupal.org,Agender,131.139.128.128
455,Bradly,Benoist,bbenoistcm@go.com,Polygender,105.245.190.5
456,Tobe,Menhci,tmenhcicn@eventbrite.com,Polygender,103.137.8.32
457,Zared,Crowcombe,zcrowcombeco@sitemeter.com,Bigender,150.85.247.61
458,Iormina,Rizon,irizoncp@google.cn,Female,12.152.189.42
459,Esmaria,Baguley,ebaguleycq@phpbb.com,Agender,72.132.187.166
460,Francois,Thaxter,fthaxtercr@1und1.de,Male,49.48.94.229
461,Danny,Siaskowski,dsiaskowskics@amazon.co.uk,Bigender,2.116.45.14
462,Manya,Esterbrook,mesterbrookct@house.gov,Male,29.186.41.184
463,Gaile,Mayger,gmaygercu@miibeian.gov.cn,Genderfluid,153.80.130.28
464,Cheslie,Cripin,ccripincv@time.com,Female,211.234.141.222
465,Alford,Clink,aclinkcw@last.fm,Agender,3.164.179.80
466,Jarrett,Cucinotta,jcucinottacx@people.com.cn,Genderfluid,82.251.56.16
467,Laney,Moakler,lmoaklercy@slate.com,Male,32.152.23.87
468,Ivor,Moffatt,imoffattcz@omniture.com,Male,182.22.93.8
469,Patric,Phare,pphared0@tinypic.com,Genderqueer,60.197.43.141
470,Celina,Boumphrey,cboumphreyd1@sitemeter.com,Genderfluid,84.173.1.223
471,Netta,Stive,nstived2@globo.com,Male,192.119.101.83
472,Gardiner,Donavan,gdonavand3@nasa.gov,Non-binary,225.242.104.203
473,Chelsey,Edwins,cedwinsd4@ask.com,Bigender,56.249.48.137
474,Janene,Ten Broek,jtenbroekd5@smh.com.au,Male,173.237.185.161
475,Hasheem,Cavet,hcavetd6@irs.gov,Female,119.43.99.36
476,Rina,Enoch,renochd7@ning.com,Non-binary,205.54.127.48
477,Ezmeralda,Braga,ebragad8@is.gd,Agender,17.110.235.165
478,Mirella,Dowd,mdowdd9@webs.com,Female,12.64.182.231
479,Cesaro,Sidle,csidleda@geocities.com,Agender,96.166.221.32
480,Sabrina,Lemon,slemondb@dot.gov,Genderqueer,147.241.82.168
481,Enrique,Broady,ebroadydc@arizona.edu,Bigender,91.61.220.171
482,Gizela,Bickmore,gbickmoredd@prnewswire.com,Male,88.65.81.241
483,Mauricio,Tippin,mtippinde@foxnews.com,Female,117.139.207.227
484,Brynne,Ashtonhurst,bashtonhurstdf@spiegel.de,Female,207.213.1.63
485,Tann,Covert,tcovertdg@businessinsider.com,Non-binary,222.229.100.24
486,Jacky,McCrostie,jmccrostiedh@thetimes.co.uk,Non-binary,3.51.117.188
487,Ivonne,Lavens,ilavensdi@state.tx.us,Genderfluid,90.116.114.176
488,Elden,Coulthard,ecoultharddj@arstechnica.com,Polygender,255.81.32.199
489,Tailor,Cohan,tcohandk@xing.com,Male,226.117.239.53
490,Rois,Soutar,rsoutardl@hc360.com,Female,225.44.171.91
491,Joceline,Corde,jcordedm@spotify.com,Non-binary,97.1.163.83
492,Levey,Sylvaine,lsylvainedn@tinypic.com,Polygender,145.168.92.25
493,Therese,Beyer,tbeyerdo@so-net.ne.jp,Genderqueer,202.56.52.84
494,Terrie,Bavin,tbavindp@squarespace.com,Agender,123.128.149.15
495,Chandra,Tilston,ctilstondq@e-recht24.de,Genderfluid,195.2.91.57
496,Hendrick,Mountfort,hmountfortdr@canalblog.com,Male,2.246.37.47
497,Cecilio,Kleszinski,ckleszinskids@google.nl,Non-binary,196.41.251.172
498,Levin,Tweedell,ltweedelldt@spotify.com,Agender,117.80.196.142
499,Krissie,Godding,kgoddingdu@mediafire.com,Female,177.72.166.160
500,Juditha,Roycroft,jroycroftdv@mediafire.com,Male,98.62.193.32
501,Birgit,Baudts,bbaudtsdw@artisteer.com,Genderfluid,19.151.32.53
502,Perren,Thal,pthaldx@webeden.co.uk,Female,253.74.105.32
503,Matti,Donneely,mdonneelydy@slideshare.net,Genderqueer,249.209.149.94
504,Mamie,Glencorse,mglencorsedz@163.com,Bigender,18.235.215.146
505,Cristi,Bour,cboure0@liveinternet.ru,Male,79.91.4.236
506,Jessee,Morsey,jmorseye1@theglobeandmail.com,Non-binary,217.181.10.162
507,Anneliese,Isacsson,aisacssone2@shop-pro.jp,Male,29.213.105.217
508,Ninnetta,Meert,nmeerte3@msu.edu,Genderfluid,228.30.179.216
509,Mill,Cammidge,mcammidgee4@baidu.com,Non-binary,137.146.40.26
510,Tulley,Crichmere,tcrichmeree5@apple.com,Polygender,44.197.38.36
511,Delano,Sorro,dsorroe6@plala.or.jp,Polygender,51.82.55.58
512,Risa,Beardwell,rbeardwelle7@github.io,Bigender,201.17.116.124
513,Bridgette,Cattermull,bcattermulle8@rakuten.co.jp,Agender,80.197.198.123
514,Antonius,Rosson,arossone9@multiply.com,Genderqueer,77.32.80.67
515,Hillie,Crabb,hcrabbea@yelp.com,Genderfluid,205.38.246.106
516,Vania,Road,vroadeb@dot.gov,Polygender,181.4.57.209
517,Abran,Bohlens,abohlensec@live.com,Genderqueer,12.63.69.171
518,Mufinella,Estable,mestableed@google.com.hk,Female,160.21.29.113
519,Gretta,Kitteridge,gkitteridgeee@ft.com,Non-binary,68.139.3.88
520,Cristionna,Maryman,cmarymanef@omniture.com,Genderfluid,202.56.0.54
521,Glynn,Gracey,ggraceyeg@sohu.com,Genderqueer,235.147.238.220
522,Florry,Blackall,fblackalleh@goo.gl,Genderfluid,59.209.104.186
523,Horatio,Studd,hstuddei@fc2.com,Female,165.127.218.94
524,Lelah,Jerromes,ljerromesej@ucsd.edu,Genderfluid,190.106.233.197
525,Drusy,Osburn,dosburnek@noaa.gov,Non-binary,34.85.233.91
526,Cherianne,Kleinsmuntz,ckleinsmuntzel@live.com,Genderfluid,144.26.76.216
527,Almeta,Axston,aaxstonem@bloglines.com,Agender,113.227.230.16
528,Garrott,Rittmeyer,grittmeyeren@ihg.com,Genderfluid,71.178.22.160
529,Adelice,Ochterlony,aochterlonyeo@springer.com,Non-binary,244.173.101.146
530,Cloris,Wartonby,cwartonbyep@psu.edu,Male,45.157.202.252
531,Winnie,Beavon,wbeavoneq@bluehost.com,Male,128.188.87.9
532,Issi,Poschel,iposcheler@va.gov,Non-binary,112.50.178.75
533,Arnold,Pottell,apottelles@gravatar.com,Bigender,198.211.240.70
534,Rhea,Trusler,rtrusleret@dagondesign.com,Agender,73.149.136.58
535,Laurie,McGarel,lmcgareleu@noaa.gov,Polygender,139.151.204.29
536,Augusto,Beetlestone,abeetlestoneev@bizjournals.com,Genderqueer,156.226.122.158
537,Linc,Eidelman,leidelmanew@blogger.com,Female,47.221.229.42
538,Everard,Rumgay,erumgayex@goo.gl,Non-binary,7.152.91.77
539,Frasco,Foggo,ffoggoey@businesswire.com,Bigender,153.204.176.146
540,Valentina,Moulster,vmoulsterez@webnode.com,Polygender,71.164.53.200
541,Christye,Lassells,classellsf0@answers.com,Male,216.77.133.111
542,Emiline,Lambie,elambief1@telegraph.co.uk,Genderqueer,143.221.178.206
543,Corbett,Gianinotti,cgianinottif2@squidoo.com,Non-binary,191.140.110.130
544,Glynnis,McAuliffe,gmcauliffef3@zdnet.com,Male,151.235.135.120
545,Harvey,Wooster,hwoosterf4@quantcast.com,Agender,159.229.103.179
546,Duke,Coon,dcoonf5@woothemes.com,Bigender,24.54.60.13
547,Allissa,Caunt,acauntf6@dagondesign.com,Non-binary,66.232.195.125
548,Crin,Clyburn,cclyburnf7@blinklist.com,Genderqueer,52.44.65.58
549,Corinna,Garnsey,cgarnseyf8@wunderground.com,Agender,195.212.225.99
550,Golda,O'Downe,godownef9@histats.com,Polygender,156.3.130.174
551,Fara,Tweddle,ftweddlefa@blogspot.com,Agender,194.105.170.245
552,Rufus,Dakhno,rdakhnofb@cyberchimps.com,Female,11.201.198.173
553,Kathleen,Heynen,kheynenfc@cisco.com,Female,167.148.32.208
554,Bradford,Brame,bbramefd@t.co,Polygender,188.216.63.126
555,Elfie,Buff,ebufffe@fastcompany.com,Agender,189.250.34.246
556,Joane,Koenraad,jkoenraadff@mozilla.org,Agender,67.3.116.0
557,Randi,Sachno,rsachnofg@twitpic.com,Genderfluid,224.217.83.203
558,Kim,Sheldrick,ksheldrickfh@webmd.com,Genderqueer,229.75.43.205
559,Yul,Pocke,ypockefi@telegraph.co.uk,Agender,204.10.134.126
560,Babita,Bedwell,bbedwellfj@smugmug.com,Genderqueer,100.252.190.102
561,Rudiger,Hully,rhullyfk@themeforest.net,Non-binary,187.26.233.184
562,Karlens,Lafee,klafeefl@youtu.be,Genderfluid,127.58.242.74
563,Caron,Hallaways,challawaysfm@meetup.com,Polygender,207.187.42.133
564,Everard,Gonnelly,egonnellyfn@shareasale.com,Genderfluid,238.180.138.27
565,Clementina,Oakley,coakleyfo@vistaprint.com,Polygender,242.11.67.238
566,Aloysia,Dargavel,adargavelfp@weebly.com,Female,125.221.178.238
567,Gertrude,Howley,ghowleyfq@simplemachines.org,Agender,40.133.122.7
568,Ulrick,Pavis,upavisfr@ca.gov,Male,116.144.225.78
569,Maribel,Gaukroger,mgaukrogerfs@theatlantic.com,Genderfluid,145.14.78.206
570,Cobbie,Giblin,cgiblinft@tinypic.com,Female,143.0.4.166
571,Denny,Coll,dcollfu@blogger.com,Polygender,59.119.56.242
572,Gerrilee,Crippes,gcrippesfv@google.ru,Polygender,6.216.215.182
573,Sylas,Jedrzaszkiewicz,sjedrzaszkiewiczfw@parallels.com,Bigender,163.243.167.156
574,Hanna,Smoth,hsmothfx@apple.com,Non-binary,46.55.168.231
575,Neddie,Losemann,nlosemannfy@nbcnews.com,Agender,182.18.180.158
576,Mignon,Meere,mmeerefz@barnesandnoble.com,Female,39.99.26.214
577,Bonny,Gilbody,bgilbodyg0@de.vu,Non-binary,10.95.161.34
578,Guglielma,Littlecote,glittlecoteg1@china.com.cn,Genderqueer,21.167.29.220
579,Bartholemy,Mooring,bmooringg2@economist.com,Bigender,50.236.47.9
580,Dianna,McCrae,dmccraeg3@stumbleupon.com,Bigender,192.130.43.157
581,Katheryn,Freestone,kfreestoneg4@rakuten.co.jp,Female,136.66.150.195
582,Abel,A'Barrow,aabarrowg5@people.com.cn,Genderqueer,117.236.252.137
583,Vittoria,Thackray,vthackrayg6@aboutads.info,Bigender,65.190.124.147
584,Pate,Marrows,pmarrowsg7@wikispaces.com,Non-binary,235.198.46.164
585,Kaiser,O'Carran,kocarrang8@dedecms.com,Genderfluid,203.79.204.95
586,Tommy,Coxwell,tcoxwellg9@shutterfly.com,Genderqueer,103.121.64.235
587,Annissa,Filyashin,afilyashinga@va.gov,Bigender,146.74.235.37
588,Base,Fullun,bfullungb@spiegel.de,Agender,96.165.97.23
589,Gabi,Das,gdasgc@friendfeed.com,Bigender,18.55.121.155
590,Teriann,Lamke,tlamkegd@salon.com,Polygender,235.236.184.62
591,Dukie,Wedmore,dwedmorege@xrea.com,Genderfluid,234.44.187.128
592,Holli,Schusterl,hschusterlgf@earthlink.net,Genderfluid,32.15.145.220
593,Valeda,Mulqueeny,vmulqueenygg@fda.gov,Polygender,70.149.93.235
594,Lisetta,Burdin,lburdingh@lulu.com,Bigender,183.216.107.59
595,Mackenzie,Wison,mwisongi@omniture.com,Female,19.236.222.219
596,Simmonds,Morot,smorotgj@rediff.com,Agender,167.3.27.72
597,Christel,Posselt,cposseltgk@discovery.com,Polygender,29.147.139.60
598,Holly,Watkiss,hwatkissgl@wordpress.org,Agender,103.169.1.215
599,Rahal,Swannick,rswannickgm@bloglovin.com,Polygender,41.16.162.174
600,Phillipp,Le Strange,plestrangegn@drupal.org,Female,162.172.0.162
601,Neila,Harrold,nharroldgo@blog.com,Polygender,151.224.91.151
602,Pietro,Parsonage,pparsonagegp@infoseek.co.jp,Non-binary,230.97.166.148
603,Shalna,Alldred,salldredgq@blogspot.com,Polygender,250.87.155.96
604,Lacee,Columbell,lcolumbellgr@mayoclinic.com,Female,100.61.197.139
605,Katleen,Beinisch,kbeinischgs@si.edu,Genderqueer,64.115.135.114
606,Thekla,Calcott,tcalcottgt@usnews.com,Polygender,73.156.73.182
607,Theresa,Drain,tdraingu@disqus.com,Genderfluid,189.191.207.188
608,Arnoldo,Maydway,amaydwaygv@w3.org,Non-binary,175.180.86.109
609,Fianna,Rocca,froccagw@squarespace.com,Bigender,181.39.244.0
610,Ezmeralda,Tindle,etindlegx@yelp.com,Polygender,87.93.16.248
611,Doug,Bloodworthe,dbloodworthegy@fc2.com,Agender,130.43.151.53
612,Elset,Farfalameev,efarfalameevgz@123-reg.co.uk,Non-binary,120.110.35.15
613,Alejandra,Fantini,afantinih0@comcast.net,Genderfluid,216.123.223.206
614,Emmerich,Rudledge,erudledgeh1@ftc.gov,Polygender,171.47.148.114
615,Dalton,Owen,dowenh2@hud.gov,Agender,110.93.249.1
616,Cary,Andreotti,candreottih3@cam.ac.uk,Agender,11.107.80.123
617,Kip,Schruyer,kschruyerh4@yellowpages.com,Genderfluid,212.149.8.66
618,Asa,Gumley,agumleyh5@mac.com,Bigender,43.38.53.116
619,Emmeline,Yousef,eyousefh6@vk.com,Bigender,74.205.108.151
620,Alfredo,Cheson,achesonh7@virginia.edu,Genderfluid,119.83.28.51
621,Orland,Dews,odewsh8@apple.com,Male,140.128.122.104
622,Joshua,Creigan,jcreiganh9@yelp.com,Agender,186.140.92.1
623,Ingrid,Tipper,itipperha@ebay.com,Bigender,127.28.199.83
624,Reginauld,Alvar,ralvarhb@reverbnation.com,Genderfluid,229.106.76.231
625,Natasha,Manclark,nmanclarkhc@ovh.net,Non-binary,136.119.33.158
626,Berty,Grevel,bgrevelhd@cbsnews.com,Male,131.27.212.30
627,Karyl,Clogg,kclogghe@behance.net,Agender,21.218.137.133
628,Pascale,Klagge,pklaggehf@zdnet.com,Agender,78.77.78.37
629,Clemmy,Skinner,cskinnerhg@g.co,Female,229.207.31.207
630,Gertruda,Ager,gagerhh@jalbum.net,Male,236.58.0.127
631,Cammy,Overstreet,coverstreethi@ihg.com,Genderfluid,106.228.187.73
632,Marilyn,Ambrogiotti,mambrogiottihj@mozilla.org,Female,207.243.16.88
633,Eddie,Sproston,esprostonhk@disqus.com,Female,188.17.17.66
634,Amil,Tremmel,atremmelhl@amazon.co.jp,Bigender,215.254.208.152
635,Jeremie,Cregeen,jcregeenhm@virginia.edu,Female,148.174.205.197
636,Clarance,Fisby,cfisbyhn@bloglovin.com,Genderfluid,208.92.241.40
637,Kati,Partner,kpartnerho@npr.org,Genderfluid,244.219.159.237
638,Finley,Toolin,ftoolinhp@youku.com,Bigender,182.186.228.42
639,Keefe,Bucke,kbuckehq@facebook.com,Genderfluid,177.170.140.248
640,Fernanda,Keeffe,fkeeffehr@sbwire.com,Polygender,189.133.43.213
641,Merry,Issacoff,missacoffhs@de.vu,Polygender,41.46.121.248
642,Talbot,Mendes,tmendesht@europa.eu,Genderqueer,16.215.123.42
643,Udell,Waterstone,uwaterstonehu@archive.org,Polygender,222.48.110.190
644,Cynthie,Larimer,clarimerhv@theglobeandmail.com,Polygender,68.210.52.237
645,Friederike,Ettles,fettleshw@skyrock.com,Non-binary,215.151.242.33
646,Daveta,Turnock,dturnockhx@google.ru,Agender,94.117.17.83
647,Doro,Dufaur,ddufaurhy@chronoengine.com,Genderfluid,181.38.254.14
648,Elisabetta,Rapa,erapahz@accuweather.com,Non-binary,14.166.1.97
649,Linus,Winterson,lwintersoni0@marriott.com,Non-binary,93.190.53.76
650,Mattie,Ughelli,mughellii1@senate.gov,Agender,72.150.190.82
651,Napoleon,Shelvey,nshelveyi2@springer.com,Non-binary,71.96.171.20
652,Melonie,Scollick,mscollicki3@psu.edu,Genderqueer,149.135.94.148
653,Remington,Collecott,rcollecotti4@icq.com,Female,155.237.178.204
654,Tomasine,Drayton,tdraytoni5@netscape.com,Agender,244.54.64.201
655,Buck,Jager,bjageri6@geocities.com,Female,152.125.56.58
656,Tildie,Chater,tchateri7@google.com.au,Bigender,175.167.153.76
657,Avictor,Mafham,amafhami8@i2i.jp,Bigender,192.159.77.125
658,Marianna,Casari,mcasarii9@amazon.co.uk,Agender,154.37.243.179
659,Marcello,Urion,murionia@elegantthemes.com,Polygender,144.235.148.160
660,Darelle,Berry,dberryib@g.co,Polygender,19.200.253.174
661,Phineas,Atyea,patyeaic@vkontakte.ru,Genderqueer,51.102.74.201
662,Edgardo,Clement,eclementid@usa.gov,Agender,52.214.97.95
663,Iolande,Vassman,ivassmanie@webnode.com,Male,235.58.134.86
664,Eleanora,Gomes,egomesif@ox.ac.uk,Male,106.213.176.14
665,Carree,Brecknock,cbrecknockig@ustream.tv,Polygender,185.145.87.242
666,Anissa,MacCorley,amaccorleyih@yandex.ru,Bigender,79.150.222.202
667,Hanni,Stiegar,hstiegarii@fema.gov,Polygender,56.32.140.244
668,Gaylene,Parish,gparishij@soup.io,Male,203.186.149.166
669,Sheridan,Sawter,ssawterik@blog.com,Genderfluid,208.28.197.52
670,Bartlett,Boog,bboogil@cnn.com,Male,53.179.112.92
671,Thor,Blakden,tblakdenim@army.mil,Polygender,236.219.34.132
672,Shamus,Brandin,sbrandinin@loc.gov,Genderfluid,111.108.75.58
673,Sanson,Atling,satlingio@google.ca,Bigender,104.86.249.129
674,Tara,Bonallick,tbonallickip@jimdo.com,Female,216.104.213.152
675,Kin,Reglar,kreglariq@unc.edu,Agender,94.104.250.52
676,Valentijn,Walding,vwaldingir@theatlantic.com,Genderfluid,188.5.218.156
677,Bekki,Ruperto,brupertois@diigo.com,Genderfluid,165.118.99.204
678,Quintilla,McGoldrick,qmcgoldrickit@360.cn,Polygender,138.55.190.13
679,Jaymee,Sealove,jsealoveiu@wordpress.org,Non-binary,236.86.149.226
680,Benoit,Diess,bdiessiv@trellian.com,Agender,50.217.60.205
681,Kiley,Ravenscroftt,kravenscrofttiw@youtube.com,Male,113.126.18.211
682,Tremaine,Radcliffe,tradcliffeix@slate.com,Male,121.154.232.20
683,Ky,Doniso,kdonisoiy@bing.com,Genderqueer,88.61.139.16
684,Minny,Toffolo,mtoffoloiz@topsy.com,Polygender,206.172.81.76
685,Kathleen,Velde,kveldej0@cdc.gov,Non-binary,131.111.195.50
686,Harald,Jachimak,hjachimakj1@shareasale.com,Genderfluid,92.184.16.59
687,Nelle,Klees,nkleesj2@oakley.com,Bigender,211.49.47.109
688,Nanete,Satterly,nsatterlyj3@360.cn,Genderfluid,21.110.230.158
689,Burgess,Shallcross,bshallcrossj4@amazon.co.uk,Female,15.30.239.63
690,Rad,Shewon,rshewonj5@usa.gov,Polygender,197.206.0.78
691,Jolynn,Postlewhite,jpostlewhitej6@naver.com,Male,204.137.9.156
692,Giuseppe,Duplock,gduplockj7@zimbio.com,Non-binary,9.126.139.186
693,Fabian,Luard,fluardj8@dailymail.co.uk,Non-binary,128.229.229.110
694,Rutter,Jerrans,rjerransj9@yahoo.co.jp,Non-binary,62.10.255.64
695,Sonia,O'Scandall,soscandallja@ustream.tv,Agender,207.67.22.196
696,Saudra,Going,sgoingjb@time.com,Female,206.105.49.211
697,Lena,Volk,lvolkjc@dion.ne.jp,Genderfluid,200.223.208.213
698,Fabien,Haggerty,fhaggertyjd@tinyurl.com,Genderfluid,146.59.74.117
699,Vallie,Kamenar,vkamenarje@mac.com,Genderfluid,55.83.22.60
700,Brier,Rossetti,brossettijf@theglobeandmail.com,Male,253.9.77.36
701,Margi,Letterick,mletterickjg@squarespace.com,Non-binary,42.197.114.66
702,Nicole,Luisetti,nluisettijh@newsvine.com,Bigender,173.209.188.50
703,Grantham,Monkley,gmonkleyji@usa.gov,Genderfluid,189.59.35.52
704,Eliza,Van Waadenburg,evanwaadenburgjj@microsoft.com,Female,187.252.5.50
705,Zebulen,Shawel,zshaweljk@japanpost.jp,Female,12.69.193.112
706,Normie,Dunlea,ndunleajl@microsoft.com,Polygender,13.254.55.84
707,Meara,Chstney,mchstneyjm@bigcartel.com,Genderqueer,30.218.132.6
708,Jeanna,Knapman,jknapmanjn@bizjournals.com,Genderqueer,185.135.57.174
709,Wesley,Pawfoot,wpawfootjo@techcrunch.com,Female,231.21.225.145
710,Vonny,Van Dijk,vvandijkjp@trellian.com,Non-binary,64.136.153.209
711,Christabella,Iacovuzzi,ciacovuzzijq@mail.ru,Male,191.110.127.69
712,Mallorie,Kenwood,mkenwoodjr@ucoz.ru,Agender,188.20.220.4
713,Lucas,Woodeson,lwoodesonjs@ftc.gov,Genderfluid,202.108.225.79
714,Fergus,Arnell,farnelljt@zdnet.com,Genderqueer,68.215.18.173
715,Carmella,BURWIN,cburwinju@parallels.com,Genderqueer,188.168.68.239
716,Gracie,Urpeth,gurpethjv@hao123.com,Male,140.81.158.211
717,Elihu,Dowers,edowersjw@smh.com.au,Non-binary,143.30.167.246
718,Meta,Chasson,mchassonjx@drupal.org,Agender,42.249.124.75
719,Giffie,Gooders,ggoodersjy@disqus.com,Polygender,214.137.41.180
720,Cornie,Iacovini,ciacovinijz@ning.com,Genderfluid,126.227.59.194
721,Cecil,Kembrey,ckembreyk0@phpbb.com,Polygender,127.182.77.138
722,Joscelin,Hobell,jhobellk1@bbc.co.uk,Bigender,125.125.114.154
723,Rhodie,Whear,rwheark2@clickbank.net,Polygender,29.36.98.121
724,Kittie,Croci,kcrocik3@cloudflare.com,Agender,81.110.206.61
725,Cherida,Pickerin,cpickerink4@marketwatch.com,Genderqueer,208.25.154.162
726,Humbert,Auger,haugerk5@tumblr.com,Non-binary,26.49.5.77
727,Ynez,MacCoughen,ymaccoughenk6@ow.ly,Genderqueer,63.3.136.183
728,Randolph,Spriggs,rspriggsk7@bigcartel.com,Male,54.160.70.151
729,Inessa,Clausius,iclausiusk8@hexun.com,Polygender,106.116.111.41
730,Katlin,Dytham,kdythamk9@wiley.com,Non-binary,181.148.93.228
731,Baryram,Hardingham,bhardinghamka@nyu.edu,Agender,93.54.176.209
732,Janine,Segar,jsegarkb@123-reg.co.uk,Male,88.200.82.222
733,Dalli,Skerratt,dskerrattkc@smugmug.com,Polygender,115.69.64.79
734,Hortense,Dunckley,hdunckleykd@sfgate.com,Male,155.248.3.71
735,Imojean,Trorey,itroreyke@newsvine.com,Genderqueer,125.24.169.64
736,Patric,Ginnane,pginnanekf@goo.gl,Non-binary,117.176.24.135
737,Gabby,Couthard,gcouthardkg@opera.com,Polygender,63.173.51.53
738,Juditha,Klainman,jklainmankh@illinois.edu,Genderfluid,80.135.67.35
739,Rebeca,Ziemsen,rziemsenki@a8.net,Male,1.93.128.201
740,Alejandro,Safont,asafontkj@wsj.com,Bigender,95.122.101.209
741,Lesli,Felstead,lfelsteadkk@exblog.jp,Bigender,119.12.98.33
742,Booth,Aspinal,baspinalkl@baidu.com,Bigender,98.114.36.209
743,Aida,Gayton,agaytonkm@twitter.com,Polygender,82.234.70.240
744,Valaree,MacCafferty,vmaccaffertykn@cpanel.net,Non-binary,42.146.111.37
745,Marty,Leven,mlevenko@studiopress.com,Genderfluid,40.125.21.255
746,Madlin,Flores,mfloreskp@devhub.com,Non-binary,135.208.83.8
747,Marabel,Raund,mraundkq@jalbum.net,Agender,237.13.45.236
748,Ashia,Drable,adrablekr@ca.gov,Polygender,41.19.139.125
749,Gennifer,Hallawell,ghallawellks@archive.org,Female,211.199.247.199
750,Filberte,Rylands,frylandskt@globo.com,Non-binary,80.73.112.213
751,Rowney,Ulyatt,rulyattku@themeforest.net,Bigender,58.216.129.229
752,Godfree,Antunes,gantuneskv@photobucket.com,Genderfluid,162.217.114.16
753,Kaja,Sedman,ksedmankw@pen.io,Polygender,84.210.79.40
754,Kyla,Rawdales,krawdaleskx@vkontakte.ru,Male,95.133.3.110
755,Ann,McIlmorie,amcilmorieky@tripod.com,Genderfluid,40.177.6.52
756,Dru,Alibone,dalibonekz@sohu.com,Non-binary,244.226.104.203
757,Terrence,Dolan,tdolanl0@biglobe.ne.jp,Agender,239.143.161.93
758,Madalena,Gatecliff,mgatecliffl1@wsj.com,Male,251.160.94.41
759,Putnem,Bussen,pbussenl2@wikimedia.org,Polygender,143.26.113.87
760,Gayel,Drane,gdranel3@nbcnews.com,Male,206.18.115.135
761,Stacey,Rowland,srowlandl4@hexun.com,Non-binary,213.211.116.79
762,Gannon,Daal,gdaall5@storify.com,Genderfluid,125.119.54.230
763,Ellwood,Callington,ecallingtonl6@google.co.jp,Polygender,36.55.92.194
764,Leah,Caudelier,lcaudelierl7@japanpost.jp,Male,189.195.89.15
765,Bail,Sallans,bsallansl8@stumbleupon.com,Non-binary,240.7.54.57
766,Henderson,Ohlsen,hohlsenl9@foxnews.com,Genderfluid,193.12.220.105
767,Natalee,Epple,nepplela@blogger.com,Non-binary,121.225.45.81
768,Hughie,Dreschler,hdreschlerlb@nsw.gov.au,Genderfluid,230.60.180.130
769,Leigh,Netherwood,lnetherwoodlc@dedecms.com,Genderfluid,116.82.179.46
770,Roger,Lent,rlentld@amazon.co.uk,Genderfluid,52.173.50.119
771,Arielle,Western,awesternle@elpais.com,Male,24.125.81.76
772,Marlowe,Tappin,mtappinlf@upenn.edu,Bigender,173.249.111.142
773,Hartwell,Hesey,hheseylg@bravesites.com,Polygender,241.167.39.216
774,Norina,Janak,njanaklh@home.pl,Genderfluid,88.205.11.181
775,Judie,Hindsberg,jhindsbergli@nymag.com,Non-binary,78.237.157.37
776,Adolphus,Driffield,adriffieldlj@statcounter.com,Male,144.244.69.105
777,Ilyse,Pilsbury,ipilsburylk@etsy.com,Polygender,122.97.162.146
778,Janis,Worswick,jworswickll@nbcnews.com,Agender,181.68.249.145
779,Flore,Whaley,fwhaleylm@stumbleupon.com,Bigender,75.196.142.182
780,Portia,Claiden,pclaidenln@kickstarter.com,Male,235.191.226.219
781,Emmit,Gregan,egreganlo@lulu.com,Genderfluid,137.99.235.154
782,Claire,Seeley,cseeleylp@elpais.com,Female,189.230.118.116
783,Licha,Franzoli,lfranzolilq@wufoo.com,Genderfluid,152.196.238.178
784,Claire,Gronauer,cgronauerlr@weebly.com,Male,193.19.130.30
785,Annabal,Conningham,aconninghamls@netlog.com,Male,93.91.154.232
786,Ash,Bilsland,abilslandlt@cnet.com,Genderqueer,132.159.190.193
787,Chance,Burgiss,cburgisslu@chronoengine.com,Agender,206.183.139.230
788,Clemmy,Teresi,cteresilv@chron.com,Male,54.40.249.97
789,Stace,Faas,sfaaslw@illinois.edu,Polygender,164.182.179.73
790,Selle,Arbon,sarbonlx@paypal.com,Polygender,10.114.103.68
791,Dave,Wanek,dwanekly@bloglovin.com,Polygender,45.75.19.50
792,Gerome,Francom,gfrancomlz@timesonline.co.uk,Genderfluid,239.33.227.183
793,Bryce,Casacchia,bcasacchiam0@gravatar.com,Bigender,154.159.255.215
794,Mellicent,Bourne,mbournem1@sogou.com,Polygender,71.240.39.124
795,Rabbi,Fripps,rfrippsm2@desdev.cn,Genderqueer,126.102.201.103
796,Ibbie,Godfray,igodfraym3@cbslocal.com,Female,130.167.81.97
797,Thatch,Pickard,tpickardm4@whitehouse.gov,Non-binary,210.4.28.18
798,Yvor,Johnys,yjohnysm5@tamu.edu,Genderfluid,132.183.232.30
799,Steffane,Cudby,scudbym6@arstechnica.com,Female,32.184.65.91
800,Claudian,Bushell,cbushellm7@ca.gov,Non-binary,55.0.145.49
801,Ainsley,Ledram,aledramm8@delicious.com,Genderfluid,65.222.22.143
802,Quint,Cammidge,qcammidgem9@weather.com,Non-binary,177.177.114.200
803,Norine,Michelle,nmichellema@latimes.com,Genderfluid,243.187.122.110
804,Guillaume,Hogben,ghogbenmb@360.cn,Agender,194.81.23.247
805,Bibi,Rabl,brablmc@si.edu,Agender,76.181.28.147
806,Delainey,Burmaster,dburmastermd@microsoft.com,Genderqueer,71.31.228.110
807,Boony,McGragh,bmcgraghme@google.co.uk,Genderqueer,117.140.103.232
808,Carmine,Doud,cdoudmf@msu.edu,Bigender,46.37.180.107
809,Briney,Blythe,bblythemg@mozilla.org,Female,49.99.115.80
810,Rudolfo,Janse,rjansemh@mysql.com,Female,35.18.63.79
811,Clint,Amps,campsmi@yellowbook.com,Female,197.174.105.200
812,Colleen,Emnoney,cemnoneymj@ucsd.edu,Genderqueer,85.73.25.191
813,Bendicty,Kornas,bkornasmk@ustream.tv,Non-binary,30.138.63.156
814,Tedman,Ullock,tullockml@shutterfly.com,Polygender,197.77.97.91
815,Sarge,Geeritz,sgeeritzmm@amazon.co.jp,Bigender,218.191.47.250
816,Boony,Oliver,bolivermn@people.com.cn,Male,117.185.225.110
817,Mireielle,Tynemouth,mtynemouthmo@purevolume.com,Non-binary,78.117.72.163
818,Teddy,Braime,tbraimemp@sun.com,Bigender,109.150.216.92
819,Gina,Sammons,gsammonsmq@army.mil,Genderfluid,71.244.19.38
820,Carlina,Wagenen,cwagenenmr@who.int,Non-binary,157.36.222.20
821,Adrienne,Lorking,alorkingms@cmu.edu,Bigender,132.10.95.240
822,Simonette,Rodson,srodsonmt@goo.gl,Genderfluid,85.225.232.100
823,Andy,Mulchrone,amulchronemu@ted.com,Genderqueer,142.133.249.97
824,Royce,Dudill,rdudillmv@globo.com,Polygender,241.215.176.179
825,Brittany,Wadesworth,bwadesworthmw@globo.com,Female,22.211.195.188
826,Veronike,Meran,vmeranmx@ning.com,Male,247.146.129.143
827,Caressa,Maddock,cmaddockmy@google.com,Female,239.3.20.56
828,Basilius,Shepherdson,bshepherdsonmz@miibeian.gov.cn,Genderfluid,238.236.171.95
829,Poppy,Pringle,ppringlen0@springer.com,Genderqueer,181.185.199.80
830,Yard,Howel,yhoweln1@arizona.edu,Bigender,205.128.49.217
831,Corbie,Pic,cpicn2@auda.org.au,Genderfluid,210.161.176.136
832,Imelda,Greguol,igreguoln3@studiopress.com,Genderfluid,133.39.53.0
833,Bo,Josephov,bjosephovn4@omniture.com,Agender,136.200.88.189
834,Fergus,Aldus,faldusn5@army.mil,Bigender,48.166.164.22
835,Deb,Ricks,dricksn6@list-manage.com,Polygender,253.169.44.30
836,Osbourne,Barrows,obarrowsn7@reference.com,Genderfluid,229.0.42.0
837,Alia,Edgerton,aedgertonn8@dmoz.org,Female,19.17.19.147
838,Shirlene,Mawson,smawsonn9@google.cn,Bigender,28.162.86.113
839,Raymond,Shera,rsherana@php.net,Polygender,170.34.159.45
840,Abba,Cacacie,acacacienb@columbia.edu,Agender,30.174.108.19
841,Lorette,Woolveridge,lwoolveridgenc@homestead.com,Genderfluid,37.118.205.240
842,Ansley,D'Abbot-Doyle,adabbotdoylend@webeden.co.uk,Agender,240.135.140.206
843,Jessalyn,Le Grys,jlegrysne@quantcast.com,Agender,93.168.112.150
844,Bennie,Griffithe,bgriffithenf@wired.com,Male,107.16.39.239
845,Alana,Hartell,ahartellng@diigo.com,Polygender,255.92.229.96
846,Alysia,Fleet,afleetnh@guardian.co.uk,Male,37.104.210.54
847,Tallou,Licciardo,tlicciardoni@ted.com,Female,15.182.147.56
848,Etheline,Flanders,eflandersnj@yale.edu,Agender,240.98.95.149
849,Sarine,Bullivent,sbulliventnk@soundcloud.com,Female,74.117.164.19
850,Brena,Giorgioni,bgiorgioninl@ox.ac.uk,Agender,147.253.51.154
851,Cassandre,Gowman,cgowmannm@epa.gov,Non-binary,0.113.215.44
852,Georas,Dyas,gdyasnn@usda.gov,Genderqueer,50.181.164.6
853,Kelcie,Rodden,kroddenno@skyrock.com,Agender,129.217.5.158
854,Walsh,Wheater,wwheaternp@bbb.org,Polygender,191.215.59.204
855,Ursa,Ellit,uellitnq@jigsy.com,Male,31.140.52.241
856,Eleanor,D'Oyly,edoylynr@meetup.com,Female,89.104.36.113
857,Garald,Tumpane,gtumpanens@si.edu,Non-binary,124.100.166.11
858,Sayre,Bowater,sbowaternt@newyorker.com,Non-binary,142.40.186.199
859,Chandal,Uppett,cuppettnu@vinaora.com,Female,94.105.68.123
860,Reggy,Bree,rbreenv@histats.com,Bigender,132.120.51.184
861,Cyndie,Waistall,cwaistallnw@youtu.be,Female,90.147.92.109
862,Engracia,Gramer,egramernx@alibaba.com,Male,76.182.25.30
863,Vina,Mattsson,vmattssonny@phpbb.com,Genderqueer,230.255.203.127
864,Herby,Dwyr,hdwyrnz@mediafire.com,Polygender,118.37.30.171
865,Karola,Woodus,kwooduso0@bbc.co.uk,Female,68.225.197.85
866,Eudora,Polini,epolinio1@ca.gov,Bigender,60.143.110.221
867,Erinna,Basili,ebasilio2@t-online.de,Male,128.209.251.26
868,Alic,Trewhitt,atrewhitto3@trellian.com,Agender,181.219.185.145
869,Vincent,McGebenay,vmcgebenayo4@macromedia.com,Genderqueer,192.115.24.35
870,Nigel,Rubens,nrubenso5@youtu.be,Genderfluid,129.171.141.199
871,Berenice,Guarnier,bguarniero6@furl.net,Female,84.235.21.50
872,Louie,Curnnok,lcurnnoko7@gizmodo.com,Polygender,197.36.192.68
873,Arnoldo,Binion,abiniono8@gmpg.org,Genderfluid,117.163.77.115
874,Terrell,Condliffe,tcondliffeo9@imageshack.us,Female,149.167.248.229
875,Yule,Penlington,ypenlingtonoa@jugem.jp,Bigender,14.208.194.150
876,Hermione,Ettritch,hettritchob@narod.ru,Polygender,30.12.154.38
877,Erin,Beardsworth,ebeardsworthoc@nature.com,Genderqueer,81.137.200.176
878,Charline,Hutcheons,chutcheonsod@webnode.com,Polygender,160.148.22.3
879,Hadlee,Hanstock,hhanstockoe@shinystat.com,Female,112.84.6.196
880,Keefer,Cleef,kcleefof@stanford.edu,Female,99.151.171.229
881,Boote,Bee,bbeeog@youku.com,Polygender,133.254.86.116
882,Shela,Sevior,ssevioroh@canalblog.com,Non-binary,115.33.34.189
883,Jerald,Heale,jhealeoi@dailymotion.com,Female,212.75.123.102
884,Goldie,Saket,gsaketoj@senate.gov,Non-binary,50.161.206.59
885,Starr,Costall,scostallok@va.gov,Agender,13.75.126.228
886,Nert,Gatman,ngatmanol@shareasale.com,Genderfluid,4.248.103.239
887,Dana,Glasgow,dglasgowom@live.com,Genderfluid,82.228.78.99
888,Janeva,Selvey,jselveyon@intel.com,Agender,55.10.223.148
889,Ignazio,Swin,iswinoo@fc2.com,Bigender,111.120.40.129
890,Bendicty,Besnardeau,bbesnardeauop@fc2.com,Genderqueer,83.18.143.156
891,Devin,Grahlman,dgrahlmanoq@cnet.com,Agender,148.77.63.13
892,Bert,Geydon,bgeydonor@dedecms.com,Polygender,186.69.234.150
893,Marcy,Collister,mcollisteros@sohu.com,Male,112.233.194.125
894,Tobe,Kyme,tkymeot@wired.com,Agender,91.119.233.114
895,Filberte,Goodanew,fgoodanewou@cdbaby.com,Male,201.79.224.229
896,Arman,Hayball,ahayballov@google.ca,Genderqueer,34.30.56.207
897,Josephine,Bolderson,jboldersonow@oakley.com,Female,115.150.158.251
898,Ebony,Matussov,ematussovox@is.gd,Female,162.53.206.195
899,Roma,Vauter,rvauteroy@w3.org,Genderqueer,144.13.178.7
900,Preston,Gillbey,pgillbeyoz@sogou.com,Polygender,198.62.122.0
901,Holli,Fitzroy,hfitzroyp0@naver.com,Bigender,51.109.66.146
902,Quent,Craw,qcrawp1@pagesperso-orange.fr,Agender,17.39.199.207
903,Edsel,Mintoft,emintoftp2@soup.io,Genderfluid,25.135.0.208
904,Josias,Tomlins,jtomlinsp3@sfgate.com,Genderfluid,165.46.73.148
905,Xerxes,Barrim,xbarrimp4@creativecommons.org,Bigender,251.119.17.155
906,Ahmad,Dady,adadyp5@omniture.com,Genderqueer,31.195.197.78
907,Mitzi,Shurrocks,mshurrocksp6@etsy.com,Non-binary,131.212.149.177
908,Ginevra,Godney,ggodneyp7@tamu.edu,Female,45.122.62.196
909,Lisa,Goodfield,lgoodfieldp8@businesswire.com,Agender,45.105.60.246
910,Joleen,Snuggs,jsnuggsp9@github.io,Genderfluid,171.6.200.200
911,Linnet,Gillson,lgillsonpa@rambler.ru,Female,39.193.239.14
912,Crista,Hows,chowspb@nhs.uk,Male,111.4.70.91
913,Phyllida,de Quincey,pdequinceypc@yahoo.co.jp,Polygender,197.253.154.156
914,Quillan,Sherringham,qsherringhampd@trellian.com,Non-binary,253.123.171.4
915,Katlin,Nipper,knipperpe@nps.gov,Female,99.9.116.198
916,Allianora,Mitro,amitropf@1und1.de,Female,216.129.103.203
917,Jackelyn,Verralls,jverrallspg@washington.edu,Non-binary,250.228.175.159
918,Muire,Bearcock,mbearcockph@desdev.cn,Agender,240.225.251.167
919,Rinaldo,Brentnall,rbrentnallpi@weibo.com,Bigender,77.118.178.227
920,Giff,Demanche,gdemanchepj@phoca.cz,Bigender,182.180.166.53
921,Pyotr,Stoyle,pstoylepk@ftc.gov,Agender,77.68.78.66
922,Brandie,Ivashkin,bivashkinpl@hud.gov,Agender,66.240.147.229
923,Trudey,Skerrett,tskerrettpm@patch.com,Male,134.236.115.196
924,Alexei,Campione,acampionepn@slideshare.net,Male,216.220.213.241
925,Aldous,Earles,aearlespo@usnews.com,Genderfluid,231.227.242.68
926,Mallory,Herrieven,mherrievenpp@comcast.net,Genderqueer,84.65.134.80
927,Rubie,Page,rpagepq@slideshare.net,Male,43.13.92.102
928,Silvia,Tracy,stracypr@dmoz.org,Genderfluid,125.127.209.195
929,Roland,D'Ambrosi,rdambrosips@fastcompany.com,Male,3.188.48.201
930,Candra,Pallaske,cpallaskept@vkontakte.ru,Bigender,2.148.137.142
931,Suzann,Poulgreen,spoulgreenpu@sourceforge.net,Agender,152.51.163.236
932,Orsa,Starking,ostarkingpv@mit.edu,Bigender,143.60.122.233
933,Lindsay,Robbe,lrobbepw@nhs.uk,Male,121.74.73.40
934,Eudora,Northcott,enorthcottpx@shinystat.com,Bigender,19.35.9.252
935,Ruthe,Cosley,rcosleypy@sourceforge.net,Non-binary,41.85.45.166
936,Bridgette,Silverton,bsilvertonpz@house.gov,Genderfluid,83.112.122.64
937,Jannel,Heikkinen,jheikkinenq0@jugem.jp,Agender,114.79.243.225
938,Matthias,Mazonowicz,mmazonowiczq1@posterous.com,Bigender,82.130.237.39
939,Denver,Priter,dpriterq2@list-manage.com,Non-binary,117.93.226.106
940,Etty,Beeton,ebeetonq3@smugmug.com,Bigender,165.158.71.109
941,Jake,Rutley,jrutleyq4@nifty.com,Polygender,150.252.22.103
942,Penny,Wickey,pwickeyq5@yahoo.co.jp,Non-binary,176.63.120.84
943,Abran,Goggen,agoggenq6@nyu.edu,Polygender,86.205.196.251
944,Minnnie,Garmanson,mgarmansonq7@altervista.org,Male,160.222.160.98
945,Xymenes,Peacey,xpeaceyq8@slate.com,Male,213.50.185.11
946,Abey,Christopher,achristopherq9@nhs.uk,Genderfluid,19.201.183.225
947,Norine,Van Schafflaer,nvanschafflaerqa@java.com,Female,65.143.252.78
948,Gweneth,Rodgier,grodgierqb@foxnews.com,Bigender,166.5.100.199
949,Brodie,Panas,bpanasqc@slideshare.net,Polygender,249.133.43.148
950,Timmie,Cullrford,tcullrfordqd@storify.com,Agender,154.35.118.203
951,Aprilette,Fountian,afountianqe@facebook.com,Agender,73.249.192.122
952,Kerby,Dumphries,kdumphriesqf@ifeng.com,Genderfluid,71.151.159.72
953,Freddie,Benedettini,fbenedettiniqg@npr.org,Non-binary,190.122.139.128
954,Krystle,Perone,kperoneqh@examiner.com,Bigender,4.69.243.161
955,Kakalina,Emburey,kembureyqi@independent.co.uk,Female,225.24.235.126
956,Emylee,Virgo,evirgoqj@addtoany.com,Polygender,17.61.107.100
957,Morrie,Nuemann,mnuemannqk@fema.gov,Genderqueer,234.194.0.247
958,Emory,Greder,egrederql@ed.gov,Female,167.133.248.108
959,Adolphe,Ecles,aeclesqm@odnoklassniki.ru,Non-binary,212.47.112.69
960,Fancie,Ballentime,fballentimeqn@wikipedia.org,Bigender,65.80.58.238
961,Eugenie,Spieght,espieghtqo@smh.com.au,Genderfluid,36.185.54.91
962,Melly,Hawkswood,mhawkswoodqp@rediff.com,Bigender,100.102.135.153
963,Edwina,Degoy,edegoyqq@yale.edu,Non-binary,99.8.96.154
964,Johan,Lowry,jlowryqr@sourceforge.net,Male,150.60.85.152
965,Fayre,Baskett,fbaskettqs@paypal.com,Female,110.197.160.159
966,Vincent,Esche,vescheqt@jalbum.net,Genderqueer,153.56.138.45
967,Peggi,Arran,parranqu@fotki.com,Female,180.35.224.58
968,Zorah,Vercruysse,zvercruysseqv@lycos.com,Female,114.137.91.79
969,Heriberto,Firminger,hfirmingerqw@meetup.com,Polygender,180.57.55.113
970,Shae,Godball,sgodballqx@army.mil,Male,224.235.14.3
971,Devora,Willans,dwillansqy@youku.com,Polygender,229.189.93.99
972,Eduino,Jorat,ejoratqz@nifty.com,Female,53.89.207.130
973,Berkie,Torregiani,btorregianir0@prnewswire.com,Male,246.126.84.119
974,Iggy,Radish,iradishr1@blogtalkradio.com,Agender,148.215.232.53
975,Tiler,Ings,tingsr2@creativecommons.org,Bigender,199.28.253.250
976,Jody,Glanders,jglandersr3@cmu.edu,Genderqueer,93.130.38.242
977,Lars,Cothey,lcotheyr4@nyu.edu,Genderqueer,204.173.161.175
978,Kayley,Antonchik,kantonchikr5@cbsnews.com,Female,87.83.146.122
979,Foster,Pickrell,fpickrellr6@si.edu,Genderqueer,193.101.93.172
980,Mareah,Chesser,mchesserr7@php.net,Genderfluid,143.125.90.240
981,Joell,Nealey,jnealeyr8@live.com,Bigender,203.44.203.191
982,Noam,Ickowics,nickowicsr9@fda.gov,Genderfluid,209.77.158.171
983,Haily,Brimilcome,hbrimilcomera@live.com,Non-binary,2.102.198.219
984,Marley,Morrallee,mmorralleerb@sun.com,Genderfluid,88.32.174.247
985,Eloisa,Van den Hof,evandenhofrc@weather.com,Bigender,101.62.239.204
986,Ty,Bordes,tbordesrd@mac.com,Genderqueer,5.111.150.23
987,Evangelia,Lejeune,elejeunere@stumbleupon.com,Non-binary,106.189.114.0
988,Hamish,Staden,hstadenrf@skyrock.com,Genderfluid,221.68.33.53
989,Michelle,Feedham,mfeedhamrg@ocn.ne.jp,Genderqueer,163.1.228.137
990,Hubey,Springett,hspringettrh@un.org,Non-binary,25.242.103.45
991,Niles,Tiptaft,ntiptaftri@wikipedia.org,Bigender,190.147.231.213
992,Cate,Probyn,cprobynrj@un.org,Agender,207.121.116.247
993,Lenna,Eager,leagerrk@so-net.ne.jp,Genderqueer,74.93.142.49
994,Bernardine,Punter,bpunterrl@boston.com,Female,19.132.175.15
995,Daron,Jandak,djandakrm@squarespace.com,Agender,31.59.128.208
996,Rayshell,Moseley,rmoseleyrn@quantcast.com,Genderfluid,125.238.207.236
997,Filberte,Coultass,fcoultassro@bravesites.com,Polygender,5.207.62.124
998,Albrecht,Binion,abinionrp@51.la,Genderfluid,71.203.28.10
999,Halie,Michelotti,hmichelottirq@earthlink.net,Male,18.81.54.157
1000,Gale,Munkton,gmunktonrr@purevolume.com,Bigender,102.115.50.63
